<?xml version="1.0" encoding="utf-8" ?>
<Defs>
  <ThingDef Name="OrientArmourMakeableBase" ParentName="ApparelBase" Abstract="True">
		<statBases>
			<MaxHitPoints>300</MaxHitPoints>
			<Flammability>1.0</Flammability>
			<DeteriorationRate>2</DeteriorationRate>
			<Beauty>-4</Beauty>
			<SellPriceFactor>0.70</SellPriceFactor>
		</statBases>
		<recipeMaker>
			<unfinishedThingDef>UnfinishedApparel</unfinishedThingDef>
			<workSpeedStat>SmithingSpeed</workSpeedStat>
			<workSkill>Crafting</workSkill>
			<effectWorking>Smith</effectWorking>
			<soundWorking>Recipe_Smith</soundWorking>
			<recipeUsers>
				<li>AR_Smithy_Orient</li>
			</recipeUsers>
			<defaultIngredientFilter>
				<categories>
					<li>Root</li>
				</categories>
				<disallowedThingDefs>
					<li>Gold</li>
					<li>Silver</li>
					<li>Plasteel</li>
					<li>Jade</li>
					<li>Uranium</li>
				</disallowedThingDefs>
			</defaultIngredientFilter>
		</recipeMaker>
	</ThingDef>
	
	<!-- Civil -->
	
	<thingDef ParentName="AncientApparelMakeableBase">
		<defName>AR_Shendyt</defName>
		<label>Shendyt</label>
		<description>A rectangular piece of cloth which is wrappped around the waist.</description>
		<graphicData>
			<texPath>Items/Apparel/ShendytOnMap</texPath>
			<graphicClass>Graphic_Single</graphicClass>
		</graphicData>
		<costStuffCount>35</costStuffCount>
		<stuffCategories>
			<li>Fabric</li>
		</stuffCategories>
		<thingCategories>
			<li>Apparel</li>
		</thingCategories>
		<statBases>
			<WorkToMake>1600</WorkToMake>
			<StuffEffectMultiplierArmor>0.1</StuffEffectMultiplierArmor>
			<StuffEffectMultiplierInsulation_Cold>0.05</StuffEffectMultiplierInsulation_Cold>
			<StuffEffectMultiplierInsulation_Heat>0.4</StuffEffectMultiplierInsulation_Heat>
			<EquipDelay>1.5</EquipDelay>
			<Mass>0.3</Mass>
		</statBases>
		<apparel>
			<bodyPartGroups>
				<li>Legs</li>
			</bodyPartGroups>
			<wornGraphicPath>Items/Apparel/Shendyt/Shendyt</wornGraphicPath>
			<layers>
				<li>OnSkin</li>
			</layers>
			<tags>
				<li>Egyptian</li>
			</tags>
			<defaultOutfitTags>
				<li>Worker</li>
			</defaultOutfitTags>
		</apparel>
		<colorGenerator Class="ColorGenerator_Options">
			<options>
			<li>
				<weight>20</weight>
				<only>(1,1,1,1)</only>
			</li>
			<li>
				<weight>5</weight>
				<only>(0.7,0.63,0.2,1)</only>
			</li>
			</options>
		</colorGenerator>
		<recipeMaker><researchPrerequisite>AR_Project_Oriental_Culture</researchPrerequisite></recipeMaker>
	</thingDef>

	<thingDef ParentName="AncientApparelMakeableBase">
		<defName>AR_EgyptSimple</defName>
		<label>simple Egyptian dress</label>
		<description>A simple dress in Egyptian fashion.</description>
		<graphicData>
			<texPath>Items/Apparel/SimpleDressOnMap</texPath>
			<graphicClass>Graphic_Single</graphicClass>
		</graphicData>
		<costStuffCount>60</costStuffCount>
		<stuffCategories>
			<li>Fabric</li>
		</stuffCategories>
		<thingCategories>
			<li>Apparel</li>
		</thingCategories>
		<statBases>
			<WorkToMake>2000</WorkToMake>
			<StuffEffectMultiplierArmor>0.1</StuffEffectMultiplierArmor>
			<StuffEffectMultiplierInsulation_Cold>0.06</StuffEffectMultiplierInsulation_Cold>
			<StuffEffectMultiplierInsulation_Heat>0.60</StuffEffectMultiplierInsulation_Heat>
			<EquipDelay>1.5</EquipDelay>
			<Mass>0.4</Mass>
		</statBases>
		<apparel>
			<bodyPartGroups>
				<li>Legs</li>
				<li>Torso</li>
			</bodyPartGroups>
			<wornGraphicPath>Items/Apparel/SimpleDress/Simple</wornGraphicPath>
			<layers>
				<li>OnSkin</li>
			</layers>
			<tags>
				<li>Egyptian</li>
			</tags>
			<defaultOutfitTags>
				<li>Worker</li>
			</defaultOutfitTags>
		</apparel>
		<colorGenerator Class="ColorGenerator_Options">
			<options>
			<li>
				<weight>20</weight>
				<only>(1,1,1,1)</only>
			</li>
			<li>
				<weight>5</weight>
				<only>(0.7,0.63,0.2,1)</only>
			</li>
			</options>
		</colorGenerator>
		<recipeMaker><researchPrerequisite>AR_Project_Oriental_Culture</researchPrerequisite></recipeMaker>
	</thingDef>
	
	<thingDef ParentName="AncientApparelMakeableBase">
		<defName>AR_NetDress</defName>
		<label>net dress</label>
		<description>A see-trough dress covering just enough not to feel naked.</description>
		<graphicData>
			<texPath>Items/Apparel/NetDressOnMap</texPath>
			<graphicClass>Graphic_Single</graphicClass>
		</graphicData>
		<costStuffCount>80</costStuffCount>
		<stuffCategories>
			<li>Fabric</li>
		</stuffCategories>
		<thingCategories>
			<li>Apparel</li>
		</thingCategories>
		<statBases>
			<WorkToMake>2000</WorkToMake>
			<StuffEffectMultiplierArmor>0.1</StuffEffectMultiplierArmor>
			<StuffEffectMultiplierInsulation_Heat>0.60</StuffEffectMultiplierInsulation_Heat>
			<EquipDelay>1.5</EquipDelay>
			<Mass>0.4</Mass>
		</statBases>
		<equippedStatOffsets>
			<SocialImpact>0.2</SocialImpact>
		</equippedStatOffsets>
		<apparel>
			<bodyPartGroups>
				<li>Legs</li>
				<li>Torso</li>
			</bodyPartGroups>
			<wornGraphicPath>Items/Apparel/NetDress/Net</wornGraphicPath>
			<layers>
				<li>OnSkin</li>
			</layers>
			<tags>
				<li>EgyptianNoble</li>
			</tags>
			<defaultOutfitTags>
				<li>Worker</li>
			</defaultOutfitTags>
		</apparel>
		<colorGenerator Class="ColorGenerator_Options">
      <options>
	    <li>
          <weight>20</weight>
          <only>(0.7,0.63,0.2,1)</only>
        </li>
      </options>
    </colorGenerator>
	<recipeMaker><researchPrerequisite>AR_Project_Oriental_Culture</researchPrerequisite></recipeMaker>
	<modExtensions>
      <li Class="JecsTools.ApparelExtension">
        <swapCondition>
          <swapWhenGender>Male</swapWhenGender>
          <swapTo>AR_Shendyt</swapTo>
        </swapCondition>
      </li>
    </modExtensions>
	</thingDef>
	
	<thingDef ParentName="AncientApparelMakeableBase">
		<defName>AR_EgyptFancy</defName>
		<label>fancy Egyptian dress</label>
		<description>A elegant dress of thin woven cloth.</description>
		<graphicData>
			<texPath>Items/Apparel/FancyDressOnMap</texPath>
			<graphicClass>Graphic_Single</graphicClass>
		</graphicData>
		<costStuffCount>80</costStuffCount>
		<stuffCategories>
			<li>Fabric</li>
		</stuffCategories>
		<thingCategories>
			<li>Apparel</li>
		</thingCategories>
		<statBases>
			<WorkToMake>2000</WorkToMake>
			<StuffEffectMultiplierArmor>0.1</StuffEffectMultiplierArmor>
			<StuffEffectMultiplierInsulation_Heat>0.60</StuffEffectMultiplierInsulation_Heat>
			<EquipDelay>1.5</EquipDelay>
			<Mass>0.4</Mass>
		</statBases>
		<equippedStatOffsets>
			<SocialImpact>0.2</SocialImpact>
		</equippedStatOffsets>
		<apparel>
			<bodyPartGroups>
				<li>Legs</li>
				<li>Torso</li>
			</bodyPartGroups>
			<wornGraphicPath>Items/Apparel/FancyDress/Fancy</wornGraphicPath>
			<layers>
				<li>OnSkin</li>
			</layers>
			<tags>
				<li>EgyptianNoble</li>
			</tags>
			<defaultOutfitTags>
				<li>Worker</li>
			</defaultOutfitTags>
		</apparel>
		<colorGenerator Class="ColorGenerator_Options">
      <options>
	    <li>
			<weight>20</weight>
			<only>(1,1,1,1)</only>
		</li>
		<li>
			<weight>5</weight>
			<only>(0.7,0.63,0.2,1)</only>
		</li>
      </options>
    </colorGenerator>
	<recipeMaker><researchPrerequisite>AR_Project_Oriental_Culture</researchPrerequisite></recipeMaker>
	</thingDef>

	<!-- Military -->
	
   <thingDef ParentName="OrientArmourMakeableBase">
    <defName>AR_BandArmour</defName>
    <description>Just some textile bands crossed over the torso. Not very protective but better than nothing at all</description>
    <label>band armour</label>
    <graphicData>
      <texPath>Items/Apparel/BandArmourOnMap</texPath>
      <graphicClass>Graphic_Single</graphicClass>
    </graphicData>
    <costStuffCount>60</costStuffCount>
    <stuffCategories>
      <li>Fabric</li>
	  <li>Leathery</li>
    </stuffCategories>
    <thingCategories>
      <li>Apparel</li>
    </thingCategories>
    <statBases>
      <MaxHitPoints>100</MaxHitPoints>
      <WorkToMake>2000</WorkToMake>
      <Mass>2.5</Mass>
      <StuffEffectMultiplierArmor>0.35</StuffEffectMultiplierArmor>
	  <StuffEffectMultiplierInsulation_Heat>0.3</StuffEffectMultiplierInsulation_Heat>
      <EquipDelay>2.5</EquipDelay>
    </statBases>
    <apparel>
      <bodyPartGroups>
        <li>Torso</li>
      </bodyPartGroups>
      <wornGraphicPath>Items/Apparel/BandArmour/Band</wornGraphicPath>
      <layers>
        <li>Middle</li>
      </layers>
      <tags>
		<li>Egyptian</li>
      </tags>
      <defaultOutfitTags>
        <li>Soldier</li>
      </defaultOutfitTags>
    </apparel>
  </thingDef>
  
  <thingDef ParentName="OrientArmourMakeableBase">
    <defName>AR_PaddedCuirass</defName>
    <description>A chest covering set of laminar textile stripes.</description>
    <label>padded cuirass</label>
    <graphicData>
      <texPath>Items/Apparel/PaddedCuirassOnMap</texPath>
      <graphicClass>Graphic_Single</graphicClass>
    </graphicData>
    <costStuffCount>100</costStuffCount>
    <stuffCategories>
      <li>Fabric</li>
	  <li>Leathery</li>
    </stuffCategories>
    <thingCategories>
      <li>Apparel</li>
    </thingCategories>
    <statBases>
      <MaxHitPoints>360</MaxHitPoints>
      <WorkToMake>31000</WorkToMake>
      <Mass>5</Mass>
      <StuffEffectMultiplierArmor>0.43</StuffEffectMultiplierArmor>
	  <StuffEffectMultiplierInsulation_Heat>0.6</StuffEffectMultiplierInsulation_Heat>
      <EquipDelay>5</EquipDelay>
    </statBases>
    <apparel>
      <bodyPartGroups>
        <li>Torso</li>
      </bodyPartGroups>
      <wornGraphicPath>Items/Apparel/PaddedCuirass/Padded</wornGraphicPath>
      <layers>
        <li>Middle</li>
      </layers>
      <tags>
		<li>Egyptian</li>
      </tags>
      <defaultOutfitTags>
        <li>Soldier</li>
      </defaultOutfitTags>
    </apparel>
	<recipeMaker>
		<researchPrerequisite>AR_Project_Light_Armour</researchPrerequisite>
		<skillRequirements>
			<Crafting>3</Crafting>
		</skillRequirements>
	</recipeMaker>
  </thingDef>
  
  <thingDef ParentName="OrientArmourMakeableBase">
    <defName>AR_ScaleCuirass</defName>
    <description>A light armour mde of metallic scales.</description>
    <label>scale cuirass</label>
    <graphicData>
      <texPath>Items/Apparel/ScaleCuirassOnMap</texPath>
      <graphicClass>Graphic_Single</graphicClass>
    </graphicData>
    <costStuffCount>70</costStuffCount>
	<costList>
      <Cloth>50</Cloth>
    </costList>
    <stuffCategories>
      <li>Metallic</li>
    </stuffCategories>
    <thingCategories>
      <li>Apparel</li>
    </thingCategories>
		<statBases>
			<WorkToMake>15000</WorkToMake>
			<Mass>10</Mass>
			<StuffEffectMultiplierArmor>0.66</StuffEffectMultiplierArmor>
			<StuffEffectMultiplierInsulation_Heat>0.5</StuffEffectMultiplierInsulation_Heat>
			<EquipDelay>5</EquipDelay>
		</statBases>
    <apparel>
      <bodyPartGroups>
        <li>Torso</li>
      </bodyPartGroups>
      <wornGraphicPath>Items/Apparel/ScaleCuirass/Scale</wornGraphicPath>
      <layers>
        <li>Middle</li>
      </layers>
      <tags>
		<li>Egyptian</li>
      </tags>
      <defaultOutfitTags>
        <li>Soldier</li>
      </defaultOutfitTags>
    </apparel>
	<recipeMaker>
		<researchPrerequisite>AR_Project_Light_Armour</researchPrerequisite>
		<skillRequirements>
			<Crafting>3</Crafting>
		</skillRequirements>
	</recipeMaker>
  </thingDef>
  
  <thingDef ParentName="OrientArmourMakeableBase">
    <defName>AR_ScaleArmour</defName>
    <description>A light armour mde of metallic scales.</description>
    <label>scale armour</label>
    <graphicData>
      <texPath>Items/Apparel/ScaleArmourOnMap</texPath>
      <graphicClass>Graphic_Single</graphicClass>
    </graphicData>
    <costStuffCount>100</costStuffCount>
    <stuffCategories>
      <li>Metallic</li>
    </stuffCategories>
	<costList>
      <Cloth>50</Cloth>
    </costList>
    <thingCategories>
      <li>Apparel</li>
    </thingCategories>
    <equippedStatOffsets>
			<MoveSpeed>-0.05</MoveSpeed>
		</equippedStatOffsets>
		<statBases>
			<WorkToMake>15000</WorkToMake>
			<Mass>12</Mass>
			<StuffEffectMultiplierArmor>0.66</StuffEffectMultiplierArmor>
			<StuffEffectMultiplierInsulation_Heat>0.5</StuffEffectMultiplierInsulation_Heat>
			<EquipDelay>10</EquipDelay>
		</statBases>
    <apparel>
      <bodyPartGroups>
				<li>Torso</li>
				<li>Shoulders</li>
				<li>Legs</li>
	  </bodyPartGroups>
      <wornGraphicPath>Items/Apparel/ScaleArmour/Scale</wornGraphicPath>
      <layers>
        <li>Middle</li>
      </layers>
      <tags>
		<li>Egyptian</li>
      </tags>
      <defaultOutfitTags>
        <li>Soldier</li>
      </defaultOutfitTags>
    </apparel>
	<recipeMaker>
		<researchPrerequisite>AR_Project_Light_Armour</researchPrerequisite>
		<skillRequirements>
			<Crafting>4</Crafting>
		</skillRequirements>
	</recipeMaker>
  </thingDef>
  
</Defs>