﻿<?xml version="1.0" encoding="utf-8" ?>
<Defs>
  
	<!-- Civil -->	

  <ThingDef ParentName="AncientHatMakeableBase">
    <defName>AR_Headscarf</defName>
    <label>egyptian headscarf</label>
    <description>A rectangular piece of cloth worn around the head of common people from the Nile.</description>
    <graphicData>
      <texPath>Items/Apparel/HeadWrapOnMap</texPath>
      <graphicClass>Graphic_Single</graphicClass>
    </graphicData>
    <costStuffCount>25</costStuffCount>
    <stuffCategories>
      <li>Fabric</li>
    </stuffCategories>
    <statBases>
      <WorkToMake>6000</WorkToMake>
      <Mass>0.1</Mass>
      <StuffEffectMultiplierArmor>0.1</StuffEffectMultiplierArmor>
      <StuffEffectMultiplierInsulation_Heat>0.6</StuffEffectMultiplierInsulation_Heat>
      <EquipDelay>0.8</EquipDelay>
    </statBases>
    <apparel>
      <bodyPartGroups>
        <li>UpperHead</li>
      </bodyPartGroups>
      <wornGraphicPath>Items/Apparel/Hats/HeadWrap</wornGraphicPath>
      <layers>
        <li>Overhead</li>
      </layers>
      <tags>
        <li>EgyptianBasic</li>
      </tags>
      <defaultOutfitTags>
        <li>Worker</li>
      </defaultOutfitTags>
    </apparel>
	<recipeMaker><researchPrerequisite>AR_Project_Oriental_Culture</researchPrerequisite></recipeMaker>
	<colorGenerator Class="ColorGenerator_Options">
			<options>
			<li>
				<weight>20</weight>
				<only>(1,1,1,1)</only>
			</li>
			<li>
				<weight>5</weight>
				<only>(0.7,0.63,0.2,1)</only>
			</li>
			</options>
		</colorGenerator>
  </ThingDef>

  <ThingDef ParentName="AncientHatMakeableBase">
    <defName>AR_SkullCap</defName>
    <label>scull cap</label>
    <description>A cap for the head.</description>
    <graphicData>
      <texPath>Items/Apparel/CapOnMap</texPath>
      <graphicClass>Graphic_Single</graphicClass>
    </graphicData>
    <costStuffCount>15</costStuffCount>
    <stuffCategories>
      <li>Fabric</li>
	  <li>Leathery</li>
    </stuffCategories>
    <statBases>
      <WorkToMake>3000</WorkToMake>
      <Mass>0.05</Mass>
      <StuffEffectMultiplierInsulation_Heat>0.6</StuffEffectMultiplierInsulation_Heat>
      <EquipDelay>0.8</EquipDelay>
    </statBases>
    <apparel>
      <bodyPartGroups>
        <li>UpperHead</li>
      </bodyPartGroups>
      <wornGraphicPath>Items/Apparel/Hats/Cap</wornGraphicPath>
      <layers>
        <li>Overhead</li>
      </layers>
      <tags>
        <li>EgyptianNoble</li>
      </tags>
      <defaultOutfitTags>
        <li>Worker</li>
      </defaultOutfitTags>
    </apparel>
	<recipeMaker><researchPrerequisite>AR_Project_Oriental_Culture</researchPrerequisite></recipeMaker>
	<colorGenerator Class="ColorGenerator_Options">
			<options>
			<li>
				<weight>20</weight>
				<only>(0,0,1,1)</only>
			</li>
			<li>
				<weight>5</weight>
				<only>(0.7,0.63,0.2,1)</only>
			</li>
			</options>
		</colorGenerator>
  </ThingDef>
  
	<!-- Military -->
  
   <ThingDef ParentName="AncientHatMakeableBase">
    <defName>AR_PaddedHelmet</defName>
    <label>egyptian padded helmet</label>
    <description>A head covering set of laminar textile stripes..</description>
    <graphicData>
      <texPath>Items/Apparel/PaddedOnMap</texPath>
      <graphicClass>Graphic_Single</graphicClass>
    </graphicData>
    <costStuffCount>40</costStuffCount>
    <stuffCategories>
      <li>Fabric</li>
	  <li>Leathery</li>
    </stuffCategories>
    <statBases>
      <WorkToMake>6000</WorkToMake>
      <Mass>1</Mass>
      <StuffEffectMultiplierArmor>0.43</StuffEffectMultiplierArmor>
      <StuffEffectMultiplierInsulation_Heat>0.6</StuffEffectMultiplierInsulation_Heat>
      <EquipDelay>0.8</EquipDelay>
    </statBases>
    <apparel>
      <bodyPartGroups>
        <li>UpperHead</li>
      </bodyPartGroups>
      <wornGraphicPath>Items/Apparel/Hats/Padded</wornGraphicPath>
      <layers>
        <li>Overhead</li>
      </layers>
      <tags>
	    <li>OriantalLight</li>
        <li>OriantalMedium</li>
      </tags>
      <defaultOutfitTags>
        <li>Soldier</li>
      </defaultOutfitTags>
    </apparel>
	<recipeMaker>
		<researchPrerequisite>AR_Project_Light_Armour</researchPrerequisite>
		<skillRequirements>
			<Crafting>3</Crafting>
		</skillRequirements>
	</recipeMaker>
	<colorGenerator Class="ColorGenerator_Options">
			<options>
			<li>
				<weight>20</weight>
				<only>(1,1,1,1)</only>
			</li>
			<li>
				<weight>5</weight>
				<only>(0.7,0.63,0.2,1)</only>
			</li>
			</options>
		</colorGenerator>
  </ThingDef>
  
  <!-- Royal -->
  
  <ThingDef ParentName="AncientHatMakeableBase">
    <defName>AR_Nemes</defName>
    <label>Nemes</label>
    <description>A crown that is made after the headscarf. It was popular to the Pharaos trough all era and not bound to ceremonies.</description>
    <graphicData>
      <texPath>Items/Apparel/NemesOnMap</texPath>
      <graphicClass>Graphic_Single</graphicClass>
    </graphicData>
    <costList>
      <Cloth>50</Cloth>
      <Gold>50</Gold>
    </costList>
    <statBases>
      <WorkToMake>10000</WorkToMake>
      <Mass>0.05</Mass>
      <ArmorRating_Sharp>0.04</ArmorRating_Sharp>
      <ArmorRating_Blunt>0.02</ArmorRating_Blunt>
      <ArmorRating_Heat>0.10</ArmorRating_Heat>
      <Insulation_Heat>3</Insulation_Heat>
      <EquipDelay>0.8</EquipDelay>
    </statBases>
	<equippedStatOffsets>
      <SocialImpact>0.5</SocialImpact>
    </equippedStatOffsets>
    <apparel>
      <bodyPartGroups>
        <li>UpperHead</li>
      </bodyPartGroups>
      <wornGraphicPath>Items/Apparel/Hats/Nemes</wornGraphicPath>
      <layers>
        <li>Overhead</li>
      </layers>
      <tags>
        <li>EgyptianRoyal</li>
      </tags>
      <defaultOutfitTags>
        <li>Worker</li>
      </defaultOutfitTags>
    </apparel>
	<recipeMaker>
		<researchPrerequisite>AR_Project_Oriental_Culture</researchPrerequisite>
		<skillRequirements>
			<Crafting>6</Crafting>
		</skillRequirements>
	</recipeMaker>
  </ThingDef>  

  <ThingDef ParentName="AncientHatMakeableBase">
    <defName>AR_Khepresh</defName>
    <label>Khepresh</label>
    <description>Also known as blue crown or war crown is a headgear for the Pharaos. It was mostly worn for war ceremonies and in battle.</description>
    <graphicData>
      <texPath>Items/Apparel/KhepreshOnMap</texPath>
      <graphicClass>Graphic_Single</graphicClass>
    </graphicData>
    <costList>
      <Cloth>50</Cloth>
      <Gold>50</Gold>
    </costList>
    <statBases>
      <WorkToMake>10000</WorkToMake>
      <Mass>0.05</Mass>
      <ArmorRating_Sharp>0.2</ArmorRating_Sharp>
      <ArmorRating_Blunt>0.07</ArmorRating_Blunt>
      <ArmorRating_Heat>0.10</ArmorRating_Heat>
      <Insulation_Heat>3</Insulation_Heat>
      <EquipDelay>0.8</EquipDelay>
    </statBases>
	<equippedStatOffsets>
      <SocialImpact>0.25</SocialImpact>
	  <PainShockThreshold>0.10</PainShockThreshold>
    </equippedStatOffsets>
    <apparel>
      <bodyPartGroups>
        <li>UpperHead</li>
      </bodyPartGroups>
      <wornGraphicPath>Items/Apparel/Hats/Khepresh</wornGraphicPath>
      <layers>
        <li>Overhead</li>
      </layers>
      <tags>
        <li>EgyptianRoyal</li>
      </tags>
      <defaultOutfitTags>
        <li>Worker</li>
      </defaultOutfitTags>
    </apparel>
	<recipeMaker>
		<researchPrerequisite>AR_Project_Oriental_Culture</researchPrerequisite>
		<skillRequirements>
			<Crafting>6</Crafting>
		</skillRequirements>
	</recipeMaker>
  </ThingDef>
  
    <ThingDef ParentName="AncientHatMakeableBase">
    <defName>AR_CylindricalCrown</defName>
    <label>Cylindrical Crown</label>
    <description>A crown in cylindrical shape. It was popular to the Pharaos trough all era and not bound to ceremonies.</description>
    <graphicData>
      <texPath>Items/Apparel/CylindricalOnMap</texPath>
      <graphicClass>Graphic_Single</graphicClass>
    </graphicData>
    <costList>
      <Cloth>50</Cloth>
      <Gold>50</Gold>
    </costList>
    <statBases>
      <WorkToMake>10000</WorkToMake>
      <Mass>0.05</Mass>
      <ArmorRating_Sharp>0.04</ArmorRating_Sharp>
      <ArmorRating_Blunt>0.02</ArmorRating_Blunt>
      <ArmorRating_Heat>0.10</ArmorRating_Heat>
      <Insulation_Heat>3</Insulation_Heat>
      <EquipDelay>0.8</EquipDelay>
    </statBases>
	<equippedStatOffsets>
      <SocialImpact>0.5</SocialImpact>
    </equippedStatOffsets>
    <apparel>
      <bodyPartGroups>
        <li>UpperHead</li>
      </bodyPartGroups>
      <wornGraphicPath>Items/Apparel/Hats/Cylindrical</wornGraphicPath>
      <layers>
        <li>Overhead</li>
      </layers>
      <tags>
        <li>EgyptianRoyal</li>
      </tags>
      <defaultOutfitTags>
        <li>Worker</li>
      </defaultOutfitTags>
    </apparel>
	<recipeMaker>
		<researchPrerequisite>AR_Project_Oriental_Culture</researchPrerequisite>
		<skillRequirements>
			<Crafting>6</Crafting>
		</skillRequirements>
	</recipeMaker>
  </ThingDef>
  
  <ThingDef ParentName="OrientArmourMakeableBase">
    <defName>AR_VultureCrown</defName>
    <label>Vulture Crown</label>
    <description>An egyptian kind of crown that resembles a vulture.</description>
    <techLevel>Medieval</techLevel>
    <graphicData>
      <texPath>Items/Apparel/VultureCrownOnMap</texPath>
      <graphicClass>Graphic_Single</graphicClass>
    </graphicData>
    <costStuffCount>50</costStuffCount>
    <stuffCategories>
      <li>Metallic</li>
    </stuffCategories>
    <statBases>
      <MaxHitPoints>80</MaxHitPoints>
      <WorkToMake>8000</WorkToMake>
      <Mass>0.7</Mass>
      <EquipDelay>0.8</EquipDelay>
    </statBases>
    <equippedStatOffsets>
      <SocialImpact>0.2</SocialImpact>
    </equippedStatOffsets>
    <apparel>
      <bodyPartGroups>
        <li>UpperHead</li>
      </bodyPartGroups>
      <wornGraphicPath>Items/Apparel/Hats/Vulture</wornGraphicPath>
      <layers>
        <li>Overhead</li>
      </layers>
      <tags>
		<li>EgyptianRoyal</li>
      </tags>
    </apparel>
	<recipeMaker>
      <skillRequirements>
        <Crafting>3</Crafting>
      </skillRequirements>
    </recipeMaker>
  </ThingDef>
  
  <!--ThingDef ParentName="OrientArmourMakeableBase">
    <defName>AR_Usekh</defName>
    <label>Usekh</label>
    <description>A collar with many jewels.</description>
    <techLevel>Medieval</techLevel>
    <graphicData>
      <texPath>Items/Apparel/UsekhOnMap</texPath>
      <graphicClass>Graphic_Single</graphicClass>
    </graphicData>
    <costStuffCount>50</costStuffCount>
    <stuffCategories>
      <li>Metallic</li>
    </stuffCategories>
    <statBases>
      <MaxHitPoints>80</MaxHitPoints>
      <WorkToMake>8000</WorkToMake>
      <Mass>0.7</Mass>
      <EquipDelay>0.8</EquipDelay>
    </statBases>
    <equippedStatOffsets>
      <SocialImpact>0.2</SocialImpact>
    </equippedStatOffsets>
    <apparel>
	  <hatRenderedFrontOfFace>true</hatRenderedFrontOfFace>
      <bodyPartGroups>
        <li>Teeth</li>
      </bodyPartGroups>
      <wornGraphicPath>Items/Apparel/Hats/Usekh</wornGraphicPath>
      <layers>
        <li>Overhead</li>
      </layers>
      <tags>
		<li>Egyptian</li>
      </tags>
    </apparel>
	<recipeMaker>
      <skillRequirements>
        <Crafting>3</Crafting>
      </skillRequirements>
    </recipeMaker>
  </ThingDef-->
  
</Defs>