﻿<?xml version="1.0" encoding="utf-8" ?>
<Defs>
 
  <ThingDef ParentName="BuildingBase">
    <defName>AR_SarcophagusA</defName>
    <label>egyptian sarcophagus</label>
    <description>An ornamented burial receptacle for the honored dead.</description>
    <thingClass>Building_Sarcophagus</thingClass>
    <graphicData>
      <texPath>Buildings/Misc/Sarcophagus</texPath>
      <graphicClass>Graphic_Multi</graphicClass>
      <drawSize>(3,4)</drawSize>
      <damageData>
        <cornerTL>Damage/Corner</cornerTL>
        <cornerTR>Damage/Corner</cornerTR>
        <cornerBL>Damage/Corner</cornerBL>
        <cornerBR>Damage/Corner</cornerBR>
      </damageData>
    </graphicData>
    <size>(1,2)</size>
    <pathCost>70</pathCost>
    <castEdgeShadows>true</castEdgeShadows>
    <fillPercent>0.5</fillPercent>
    <tickerType>Rare</tickerType>
    <canOverlapZones>false</canOverlapZones>
    <constructionSkillPrerequisite>5</constructionSkillPrerequisite>
    <building>
      <ai_chillDestination>false</ai_chillDestination>
      <preventDeteriorationInside>true</preventDeteriorationInside>
      <haulToContainerDuration>500</haulToContainerDuration>
      <fullGraveGraphicData>
        <texPath>Buildings/Misc/SarcophagusFull</texPath>
        <graphicClass>Graphic_Multi</graphicClass>
        <drawSize>(3,4)</drawSize>
      </fullGraveGraphicData>
      <fixedStorageSettings>
        <filter>
          <categories>
            <li>Corpses</li>
          </categories>
        </filter>
      </fixedStorageSettings>
      <defaultStorageSettings>
        <priority>Important</priority>
        <filter>
          <categories>
            <li>CorpsesHumanlike</li>
          </categories>
          <specialFiltersToDisallow>
            <li>AllowCorpsesStranger</li>
          </specialFiltersToDisallow>
        </filter>
      </defaultStorageSettings>
    </building>
    <statBases>
      <WorkToBuild>3400</WorkToBuild>
      <MaxHitPoints>250</MaxHitPoints>
      <Flammability>1.0</Flammability>
      <Beauty>40</Beauty>
    </statBases>
    <stuffCategories>
      <li>Woody</li>
      <li>Metallic</li>
      <li>Stony</li>
    </stuffCategories>
    <inspectorTabs>
      <li>ITab_Storage</li>
      <li>ITab_Art</li>
      <li>ITab_ContentsCasket</li>
    </inspectorTabs>
    <comps>
      <li>
        <compClass>CompQuality</compClass>
      </li>
      <li Class="CompProperties_Art">
        <nameMaker>NamerArtSarcophagusPlate</nameMaker>
        <descriptionMaker>ArtDescription_SarcophagusPlate</descriptionMaker>
        <mustBeFullGrave>true</mustBeFullGrave>
      </li>
      <li Class="CompProperties_AssignableToPawn">
        <drawAssignmentOverlay>false</drawAssignmentOverlay>
        <compClass>CompAssignableToPawn_Grave</compClass>
      </li>
    </comps>
    <costStuffCount>70</costStuffCount>
    <altitudeLayer>Building</altitudeLayer>
    <passability>PassThroughOnly</passability>
    <blockWind>true</blockWind>
    <terrainAffordanceNeeded>Light</terrainAffordanceNeeded>
    <staticSunShadowHeight>0.3</staticSunShadowHeight>
    <designationCategory>Misc</designationCategory>
    <researchPrerequisites>
      <li>ComplexFurniture</li>
	  <li>AR_Project_Oriental_Culture</li>
    </researchPrerequisites>
  </ThingDef>

</Defs>